id,focus,signal,slack,drag,confidence,score,lane,kind,invariant
g001,quorum health,102,28,41,55,82,hold,baseline,monotonic-signal
g002,lease drift,117,23,25,89,221,ship,edge,drag-penalty
g003,replica lag,40,23,19,26,34,hold,recovery,confidence-floor
g004,membership churn,93,60,17,41,202,ship,negative,lane-boundary
g005,quorum health,35,11,39,96,-18,hold,baseline,monotonic-signal
g006,lease drift,53,24,9,85,170,watch,edge,drag-penalty
g007,replica lag,110,33,17,41,209,ship,recovery,confidence-floor
g008,membership churn,54,75,43,23,-9,hold,negative,lane-boundary
g009,quorum health,117,29,37,62,140,watch,baseline,monotonic-signal
g010,lease drift,108,43,35,86,170,watch,edge,drag-penalty
g011,replica lag,63,53,15,59,163,watch,recovery,confidence-floor
g012,membership churn,88,25,6,50,221,ship,negative,lane-boundary
g013,quorum health,60,49,10,93,212,ship,baseline,monotonic-signal
g014,lease drift,94,63,7,76,292,ship,edge,drag-penalty
g015,replica lag,114,73,28,72,233,ship,recovery,confidence-floor
g016,membership churn,84,45,19,32,150,watch,negative,lane-boundary
g017,quorum health,72,69,37,102,130,watch,baseline,monotonic-signal
g018,lease drift,114,48,5,56,307,ship,edge,drag-penalty
g019,replica lag,94,40,12,80,248,ship,recovery,confidence-floor
g020,membership churn,88,39,38,54,79,hold,negative,lane-boundary
g021,quorum health,88,41,31,88,150,watch,baseline,monotonic-signal
g022,lease drift,92,9,8,25,178,watch,edge,drag-penalty
g023,replica lag,97,66,19,40,205,ship,recovery,confidence-floor
g024,membership churn,59,62,26,95,145,watch,negative,lane-boundary
g025,quorum health,88,14,10,84,224,ship,baseline,monotonic-signal
g026,lease drift,62,41,4,40,185,watch,edge,drag-penalty
g027,replica lag,96,22,44,22,16,hold,recovery,confidence-floor
g028,membership churn,117,15,24,61,190,ship,negative,lane-boundary
g029,quorum health,43,49,36,85,40,hold,baseline,monotonic-signal
g030,lease drift,53,33,44,58,-23,hold,edge,drag-penalty
g031,replica lag,62,28,28,49,61,hold,recovery,confidence-floor
g032,membership churn,55,28,22,92,120,hold,negative,lane-boundary
g033,quorum health,70,65,20,75,180,watch,baseline,monotonic-signal
g034,lease drift,81,16,42,71,39,hold,edge,drag-penalty
g035,replica lag,46,29,33,31,-13,hold,recovery,confidence-floor
g036,membership churn,76,38,37,101,106,hold,negative,lane-boundary
g037,quorum health,94,10,34,55,83,hold,baseline,monotonic-signal
g038,lease drift,63,34,13,79,174,watch,edge,drag-penalty
g039,replica lag,95,48,4,53,271,ship,recovery,confidence-floor
g040,membership churn,70,58,22,87,175,watch,negative,lane-boundary
g041,quorum health,61,30,32,24,16,hold,baseline,monotonic-signal
g042,lease drift,104,54,39,39,106,hold,edge,drag-penalty
g043,replica lag,41,68,23,94,129,watch,recovery,confidence-floor
g044,membership churn,101,8,16,83,213,ship,negative,lane-boundary
g045,quorum health,47,50,35,39,8,hold,baseline,monotonic-signal
g046,lease drift,67,74,4,21,209,ship,edge,drag-penalty
g047,replica lag,37,53,11,60,132,watch,recovery,confidence-floor
g048,membership churn,113,45,37,84,170,watch,negative,lane-boundary
g049,quorum health,67,44,31,57,80,hold,baseline,monotonic-signal
g050,lease drift,47,46,29,48,43,hold,edge,drag-penalty
g051,replica lag,41,14,9,91,142,watch,recovery,confidence-floor
g052,membership churn,41,71,21,74,122,watch,negative,lane-boundary
g053,quorum health,45,67,29,70,82,hold,baseline,monotonic-signal
g054,lease drift,50,19,13,30,84,hold,edge,drag-penalty
g055,replica lag,100,46,7,100,311,ship,recovery,confidence-floor
g056,membership churn,41,27,5,54,138,watch,negative,lane-boundary
g057,quorum health,103,20,27,78,169,watch,baseline,monotonic-signal
g058,lease drift,49,54,18,52,114,hold,edge,drag-penalty
g059,replica lag,70,38,22,86,154,watch,recovery,confidence-floor
g060,membership churn,84,33,19,23,129,watch,negative,lane-boundary
g061,quorum health,94,33,40,38,59,hold,baseline,monotonic-signal
g062,lease drift,103,70,31,93,214,ship,edge,drag-penalty
g063,replica lag,96,21,7,82,260,ship,recovery,confidence-floor
g064,membership churn,111,34,17,38,209,ship,negative,lane-boundary
g065,quorum health,34,43,24,20,11,hold,baseline,monotonic-signal
g066,lease drift,87,15,8,59,208,ship,edge,drag-penalty
g067,replica lag,117,39,43,83,141,watch,recovery,confidence-floor
g068,membership churn,47,53,20,56,103,hold,negative,lane-boundary
g069,quorum health,104,63,31,47,163,watch,baseline,monotonic-signal
g070,lease drift,48,35,38,90,31,hold,edge,drag-penalty
g071,replica lag,111,59,22,73,244,ship,recovery,confidence-floor
g072,membership churn,102,73,16,69,266,ship,negative,lane-boundary
g073,quorum health,57,13,14,29,86,hold,baseline,monotonic-signal
g074,lease drift,82,55,36,99,138,watch,edge,drag-penalty
g075,replica lag,54,9,6,53,140,watch,recovery,confidence-floor
g076,membership churn,88,58,14,77,241,ship,negative,lane-boundary
g077,quorum health,108,50,40,51,117,hold,baseline,monotonic-signal
g078,lease drift,78,49,34,85,120,hold,edge,drag-penalty
g079,replica lag,66,51,32,22,45,hold,recovery,confidence-floor
g080,membership churn,108,19,12,37,212,ship,negative,lane-boundary
g081,quorum health,88,76,45,92,119,hold,baseline,monotonic-signal
g082,lease drift,82,72,7,81,282,ship,edge,drag-penalty
g083,replica lag,82,24,4,37,205,ship,recovery,confidence-floor
g084,membership churn,86,51,25,105,203,ship,negative,lane-boundary
g085,quorum health,91,32,16,58,192,ship,baseline,monotonic-signal
g086,lease drift,53,25,34,82,43,hold,edge,drag-penalty
g087,replica lag,82,59,44,55,58,hold,recovery,confidence-floor
g088,membership churn,56,43,9,46,156,watch,negative,lane-boundary
g089,quorum health,90,38,35,89,132,watch,baseline,monotonic-signal
g090,lease drift,111,38,28,72,192,ship,edge,drag-penalty
g091,replica lag,37,75,5,68,192,ship,recovery,confidence-floor
g092,membership churn,47,26,16,28,68,hold,negative,lane-boundary
g093,quorum health,56,39,23,98,134,watch,baseline,monotonic-signal
g094,lease drift,49,48,7,52,163,watch,edge,drag-penalty
g095,replica lag,64,20,43,76,9,hold,recovery,confidence-floor
g096,membership churn,75,44,41,50,39,hold,negative,lane-boundary
